{
  "clusters": [
    {
      "cluster": 0,
      "size": 164,
      "centroid": [
        26.16489208401047,
        91.75003250168399
      ],
      "polygon": [
        [
          26.16462112160917,
          91.74121832001686
        ],
        [
          26.1766541398989,
          91.75123410205995
        ],
        [
          26.165490359507583,
          91.75474585407761
        ],
        [
          26.162008817150227,
          91.75498483265159
        ],
        [
          26.159167187516214,
          91.75225329097043
        ],
        [
          26.15902486378034,
          91.74938238726804
        ],
        [
          26.16242885134076,
          91.74351012203829
        ]
      ]
    },
    {
      "cluster": 1,
      "size": 166,
      "centroid": [
        26.12526525954062,
        91.71526546178912
      ],
      "polygon": [
        [
          26.119644941307598,
          91.72272632099195
        ],
        [
          26.116654290184012,
          91.71458922832643
        ],
        [
          26.120252881237633,
          91.71149749427363
        ],
        [
          26.12499904711123,
          91.70832669041297
        ],
        [
          26.13611247616652,
          91.71335040463767
        ],
        [
          26.131977763749067,
          91.71942214066395
        ],
        [
          26.12672620056211,
          91.72253325057123
        ]
      ]
    },
    {
      "cluster": 2,
      "size": 163,
      "centroid": [
        26.179758317880356,
        91.77014612584549
      ],
      "polygon": [
        [
          26.186102910608426,
          91.76303713097856
        ],
        [
          26.186412812310294,
          91.76905130991675
        ],
        [
          26.185854490373373,
          91.77113394770292
        ],
        [
          26.181099294493155,
          91.77713790086547
        ],
        [
          26.179738915839756,
          91.77631715554462
        ],
        [
          26.173953474846353,
          91.7713853410394
        ],
        [
          26.17368509597307,
          91.76960002290505
        ],
        [
          26.174661718870965,
          91.76755595944869
        ],
        [
          26.18021694106181,
          91.76382044833589
        ]
      ]
    },
    {
      "cluster": 3,
      "size": 163,
      "centroid": [
        26.1147432909157,
        91.76023467410442
      ],
      "polygon": [
        [
          26.112824922730972,
          91.76810282151048
        ],
        [
          26.108379071486247,
          91.76053439364577
        ],
        [
          26.108434306816985,
          91.75325353607946
        ],
        [
          26.121350005377845,
          91.75484604587028
        ],
        [
          26.119554173807778,
          91.76096339196948
        ],
        [
          26.11762154461082,
          91.76459449908867
        ],
        [
          26.115586890356347,
          91.76648178476776
        ]
      ]
    }
  ]
}